Ordered On,MSKU,Quantity
1-Feb-25,CSTE_0336_Wands_Dumbledore_MusicBox,1
25-Jan-25,CSTE_0015_MB_HBD_Black,2
25-Jan-25,CSTE_0020_MB_HP_Black,3
25-Jan-25,CSTE_0060_MB_YouAreMySunshine_Brown,2
25-Jan-25,CSTE_0489_ST_Fruit_Blox_Light,1
25-Jan-25,CSTE_0491_ST_Fruit_Blox_Spirit,2
25-Jan-25,CSTE_0533_ST_Animal_Breathing_Koala_Grey,1
25-Jan-25,CSTE_0546_ST_Animal_Lucifer_Cat_Black,1
26-Jan-25,CSTE_0014_MB_HBD_Brown,1
26-Jan-25,CSTE_0020_MB_HP_Black,2
26-Jan-25,CSTE_0060_MB_YouAreMySunshine_Brown,3
26-Jan-25,CSTE_0218_SG_ThugLife_Big,1
26-Jan-25,CSTE_0240_SG_Wings_Red,1
26-Jan-25,CSTE_0306_MB_Sabrina_8Notes_Brown,1
26-Jan-25,CSTE_0470_ST_Minecraft_Sword_Small,3
26-Jan-25,CSTE_0486_ST_Animal_Breathing_Otter_Brown,1
26-Jan-25,CSTE_0488_ST_Animal_Breathing_Stitch_Blue,1
26-Jan-25,CSTE_0490_ST_Fruit_Blox_Shadow,1
26-Jan-25,CSTE_0526_ST_Animal_Breathing_Otter_Pink,1
27-Jan-25,CSTE_0014_MB_HBD_Brown,2
27-Jan-25,CSTE_0015_MB_HBD_Black,1
27-Jan-25,CSTE_0020_MB_HP_Black,2
27-Jan-25,CSTE_0060_MB_YouAreMySunshine_Brown,2
27-Jan-25,CSTE_0149_SG_ButterFly_Pink,1
27-Jan-25,CSTE_0160_SG_FireGlass_MercuryGreen,1
27-Jan-25,CSTE_0217_SG_ThugLife_Thin,1
27-Jan-25,CSTE_0478_ST_Minecraft_Cow_Brown,1
27-Jan-25,CSTE_0489_ST_Fruit_Blox_Light,2
27-Jan-25,CSTE_0490_ST_Fruit_Blox_Shadow,1
27-Jan-25,CSTE_0491_ST_Fruit_Blox_Spirit,1
28-Jan-25,CSTE_0015_MB_HBD_Black,2
28-Jan-25,CSTE_0017_MB_HP_Brown,1
28-Jan-25,CSTE_0045_MB_LavienRose_Brown,1
28-Jan-25,CSTE_0060_MB_YouAreMySunshine_Brown,1
28-Jan-25,CSTE_0084_MB_Spirated_Black,1
28-Jan-25,CSTE_0160_SG_FireGlass_MercuryGreen,1
28-Jan-25,CSTE_0336_Wands_Dumbledore_MusicBox,1
28-Jan-25,CSTE_0342_Wands_Dumbledore_Sunglasas,1
28-Jan-25,CSTE_0470_ST_Minecraft_Sword_Small,1
28-Jan-25,CSTE_0482_ST_Animal_Kitty_Kuromi_Black,1
28-Jan-25,CSTE_0486_ST_Animal_Breathing_Otter_Brown,1
28-Jan-25,CSTE_0487_ST_Animal_Breathing_Otter_Blue,1
28-Jan-25,CSTE_0491_ST_Fruit_Blox_Spirit,1
29-Jan-25,CSTE_0014_MB_HBD_Brown,3
29-Jan-25,CSTE_0015_MB_HBD_Black,1
29-Jan-25,CSTE_0017_MB_HP_Brown,2
29-Jan-25,CSTE_0020_MB_HP_Black,1
29-Jan-25,CSTE_0036_MB_HBD_White,1
29-Jan-25,CSTE_0060_MB_YouAreMySunshine_Brown,3
29-Jan-25,CSTE_0489_ST_Fruit_Blox_Light,1
29-Jan-25,CSTE_0490_ST_Fruit_Blox_Shadow,1
30-Jan-25,CSTE_0015_MB_HBD_Black,1
30-Jan-25,CSTE_0017_MB_HP_Brown,2
30-Jan-25,CSTE_0020_MB_HP_Black,2
30-Jan-25,CSTE_0060_MB_YouAreMySunshine_Brown,2
30-Jan-25,CSTE_0191_MB_MHA2_Brown,1
30-Jan-25,CSTE_0240_SG_Wings_Red,1
30-Jan-25,CSTE_0305_MB_Crystle_17Notes_Transparent,1
30-Jan-25,CSTE_0355_Wands_Harrypotter_light_SG,1
30-Jan-25,CSTE_0419_ST_MineCraft_Creeper,1
30-Jan-25,CSTE_0476_ST_Minecraft_Zombie_Black,1
30-Jan-25,CSTE_0486_ST_Animal_Breathing_Otter_Brown,1
30-Jan-25,CSTE_0487_ST_Animal_Breathing_Otter_Blue,2
30-Jan-25,CSTE_0488_ST_Animal_Breathing_Stitch_Blue,1
30-Jan-25,CSTE_0502_ST_Minecraft_Pickaxe_Foam,1
30-Jan-25,CSTE_0512_ST_Animal_Cow_Plush,1
30-Jan-25,CSTE_0532_ST_Animal_Breathing_Rabbit_Grey,1
30-Jan-25,CSTE_0543_ST_Animal_Breathing_Strawberry_Rabbit,1
30-Jan-25,CSTE_O0031_OT_StandingElephant_Grey,1
31-Jan-25,CSTE_0014_MB_HBD_Brown,2
31-Jan-25,CSTE_0036_MB_HBD_White,1
31-Jan-25,CSTE_0060_MB_YouAreMySunshine_Brown,3
31-Jan-25,CSTE_0240_SG_Wings_Red,1
31-Jan-25,CSTE_0333_Wands_Dumbledore_Light,1
31-Jan-25,CSTE_0336_Wands_Dumbledore_MusicBox,1
31-Jan-25,CSTE_0486_ST_Animal_Breathing_Otter_Brown,2
31-Jan-25,CSTE_0489_ST_Fruit_Blox_Light,1
31-Jan-25,CSTE_0491_ST_Fruit_Blox_Spirit,1
31-Jan-25,CSTE_O0031_OT_StandingElephant_Grey,3
31-Jan-25,CSTE_O0055_OT_PrincessDigitalWatch_Blue,1
